面积_平米,卧室数量,浴室数量,房龄_年,距市中心距离_公里,房价_万元
139.86856612044932,2,1,29,22.4317701758508,99.67775060747195
114.46942795315262,3,2,13,7.474638179650693,86.88056780058436
145.9075415240277,2,3,19,19.613938806805308,138.487320716944
180.92119425632103,1,1,48,17.548839092547112,124.30440915516216
110.63386501106656,3,1,24,17.47468285779815,89.72142684326096
110.63452172203277,4,1,39,20.2272130381115,100.15758536486338
183.16851262029564,4,3,23,16.903079049673963,176.82793926486008
150.69738916611635,5,3,13,26.498398330545154,141.28001869180673
101.22102456260191,2,2,25,20.591822666557533,69.7437984401945
141.7024017434386,3,3,37,16.861934289770254,118.51748975295024
101.4632922875015,5,2,22,25.063130488341702,88.45421453557957
101.37080985718973,3,2,21,18.578250383070912,88.22541241950313
129.67849086264135,2,3,47,9.443183185770192,120.94104580992438
43.46879021368808,4,2,18,7.0057526271205655,28.298269896691338
51.00328669947869,1,3,45,5.417505784217685,38.9799781671992
97.50849883036109,4,2,2,27.084201163836948,85.22420211850022
79.48675518662304,5,3,41,21.593927522143908,66.02482693927008
132.56989330381094,1,3,18,28.1839747067653,108.21883472716226
83.67903697915156,5,2,8,18.495462365733346,72.94573968169409
63.50785194658834,2,1,27,14.728625563352464,38.04302598263119
178.62595075686215,1,2,19,2.7317781801557905,157.24556365561796
110.96894798053857,5,3,44,20.477626164834863,118.74205899164014
122.70112818751696,2,1,6,17.884054033278705,100.2579078472546
63.01007255146173,4,2,13,29.71605791404102,46.7760678942562
98.2246910189927,2,2,8,7.935604555685048,81.95640961956914
124.43690358839464,3,2,18,16.39138330331824,118.83385069150705
73.96025690310789,2,1,46,19.877762718424105,54.1937065699082
135.02792073382687,2,3,13,19.693144067527964,113.56537678447829
95.9744524032478,3,2,37,17.277512745503678,84.87130264897786
108.33225000826893,5,2,35,23.53091229948954,98.52374442161596
95.93173551082413,5,2,39,6.944455076277676,111.93028384711263
194.0911273803575,2,2,16,22.04318880795806,149.55987485337096
119.46011101048265,3,2,29,18.972302571559588,92.6423463542542
77.69156284176398,3,3,8,26.986178242042627,57.22562597170332
152.90179648412754,4,3,32,25.56863873197387,126.73724146405822
71.1662540011591,5,2,24,10.139264134844044,67.14361638684372
128.3545438001902,1,1,13,9.010882424279439,105.75894891453967
41.613195044808975,5,3,10,29.46794639172099,50.76605649523812
66.87255804406277,5,1,34,16.29069024654244,55.76194631129923
127.87444943476494,4,3,40,27.28620795351867,115.54784916133234
149.53866319981643,1,2,13,5.752549689633984,140.32278438633486
126.85473124759882,4,3,29,19.641748529205053,118.44129422018678
115.37406870447037,1,2,40,24.485945433456997,57.621300417293064
107.95585217642845,2,3,3,28.474462238006957,110.39876032884035
60.8591203853029,1,2,3,10.78286408949368,61.16509895420608
91.20623166421166,4,2,27,22.024453927797524,102.11694089935509
101.5744491616085,5,2,7,16.62557726214895,113.45400655971066
162.2848890487566,1,2,1,2.7582388559275777,152.1539459997471
133.74473158273847,1,1,40,21.009992381959357,98.54345801122193
49.47839378549064,3,2,45,21.012800188897458,38.45335481204546
132.9633587757918,5,1,21,27.987597340549573,119.91170022768027
104.59670878334734,2,1,40,15.4220609389002,73.87848575476238
92.92311998776165,4,2,15,7.677276700604925,97.83866614890918
144.46705155363472,2,1,28,2.2923508800116954,95.55960322939484
161.23998089983803,5,3,48,13.053623413891264,147.29449546506893
157.25120476464795,1,2,47,9.755584302247552,135.96993286161592
86.43129907109446,1,1,29,23.07156087469239,60.75234460881903
107.63150496595142,5,2,11,11.273765180390352,126.54314876287584
133.25053725614256,1,2,34,28.523064693130475,93.90144357986276
159.02180508489437,1,2,10,28.906995886645742,131.79045525447088
100.8330304861884,1,1,45,19.006349116313533,61.3805490940603
112.57364093344731,4,3,49,27.931148323431604,104.91290478059582
75.74660103975887,4,3,20,23.064775990920374,76.39084191862507
72.15173503677318,3,1,20,16.85892958827866,61.09441827685192
152.50103289576793,2,2,4,6.228930127260566,108.34754010233989
174.24960114283292,5,1,47,14.29934036190136,148.30624297526015
117.11959513678664,5,1,19,17.26535943751591,111.39752658346944
160.14131591568096,5,1,36,26.054885841315294,144.17270416408627
134.46544100190536,3,2,2,14.958667919534282,136.3025168327478
94.19520981579502,4,1,43,27.032565507660742,96.59021211246476
134.45582422033655,3,2,32,20.556120391680597,124.3492726116588
181.52146265863877,5,1,8,4.97297282855647,163.50978045959084
118.56695843560193,2,3,8,29.854459710427697,94.27829599809031
182.58574623256024,1,1,3,16.289747161863467,152.71287811555328
30.0,4,1,34,12.363890595863287,27.38235596967455
152.87610017500896,4,3,16,20.11429916961627,154.32719014911265
123.48188272952684,3,2,33,4.157906105450133,135.9004473179955
108.0397059813653,4,2,23,19.459620755847276,120.77375635815083
123.67043106142009,5,1,31,15.448844014478915,127.95130483988007
40.49724341596429,5,3,0,12.793548029958911,65.28004720722095
111.21312448649952,3,2,7,28.637580614188074,107.74495991156401
134.28450286046984,5,1,44,16.153651785229542,135.16518653304504
179.11576178966064,2,3,22,7.354406904628214,152.7424020068642
99.2691912690541,3,2,46,14.30994090194166,78.73377283918487
87.66025588427249,2,2,39,27.66223473260751,56.82287734039748
99.92971825661854,1,3,11,6.106768668587245,79.92654293654817
156.61608470808295,2,3,11,7.20475412195887,124.67053747955502
133.15004438638738,1,3,45,1.3778574649554287,113.33012386780945
98.80959184931845,1,3,46,1.4115114324772482,73.14438975233482
140.53069732453423,2,1,14,25.052357181796864,102.26315742737515
123.88310197392161,3,3,40,22.23155559844572,111.0032593716817
158.74579962131557,5,2,18,11.29619063710679,150.56463504103417
91.9178762449059,5,2,25,21.25102355959961,93.20503862246167
106.89351413608927,1,1,28,12.460971862989135,95.33581299629766
104.3156738747137,1,2,21,28.634007083936996,84.58083464321041
61.45940207471526,3,2,39,29.04452776135501,63.03412359362133
131.84481108258305,4,3,20,12.391019498470959,125.08010406461167
130.44221088719559,2,2,37,25.772435283885173,116.18545698093786
120.20453826569843,1,1,19,23.41958220922652,92.25120715152009
110.61651466499413,5,3,28,9.98999817798189,113.5852752539564
63.38517031798343,3,3,3,7.729155038132073,84.85882079808573
103.17418708938564,2,1,6,14.288804861392181,78.47341044887946
106.29141933892922,3,3,27,23.65911637781778,112.03958295765925
87.90890923113524,2,3,27,28.84486575713362,66.68369430596852
113.54857153335963,2,1,3,23.143792997130603,79.48588101262918
136.16203427258154,1,3,21,25.80100256553273,112.3641456558575
195.4474360484212,3,1,11,18.48886487894498,159.14030129808188
126.98311251327355,3,1,44,25.22682709442165,118.4311473825205
130.30201562891057,5,2,2,23.748204882099113,118.63850187422743
117.02216336935331,5,2,21,11.932580715862123,117.5959295110712
43.24915138803834,1,3,43,17.00771876150091,17.239528574899186
118.93944498203132,1,3,1,24.33784053770115,104.91177816574918
122.40920839764105,4,1,23,2.335645291508735,107.38564331376944
218.52968449941145,5,3,33,24.434299188319066,196.93984490869562
112.3055614087551,2,1,26,6.158755597421679,90.28161893123462
132.0618936933445,3,1,40,15.92582489652173,87.21725563918673
118.61152921179027,1,3,0,24.439987747122192,97.98113039930996
73.25287849521871,3,1,7,8.36081126654415,71.88618233368724
165.71291258060083,3,2,22,8.128415739878438,153.91683793076757
150.07732130747098,4,3,37,12.680167555405305,150.88177898666618
151.64127788172186,5,2,5,26.944641129751403,156.96479583966976
83.62450180821044,1,3,21,1.0128406616790286,84.83472325043769
176.11177243744396,3,1,24,27.140109802616113,143.30555496930629
63.92595748830877,1,3,17,5.460403714606626,44.737228238189054
143.47428375201082,2,2,16,29.71250490595698,114.74338391853024
207.61822503239915,4,1,11,28.690562798115575,174.69870032625087
80.37854699477246,2,3,5,15.345580498147216,72.64364475018408
97.34809081588912,1,3,25,15.868887186566216,85.27370556543627
123.98605460350565,1,3,26,14.964930867999774,111.72543535862597
99.86097383535203,5,2,7,19.427865724126157,91.5908069009317
57.973462757354696,3,2,18,3.630929364813,53.623461981482585
122.74251899224109,3,3,41,1.9459205019054286,111.62813482507386
77.5078514509558,2,1,0,2.6733849240610668,67.51729679165489
138.94369722540728,4,1,28,13.886595128003917,105.19912819272524
83.22303063064788,3,2,44,8.990890237365019,64.31705202260629
181.99737620070158,5,1,48,19.03914730875882,142.15511583580744
88.66986830655051,2,2,34,29.78082639186859,77.32998652948766
107.11753935177298,2,3,39,12.203372019217511,107.8206155319024
152.54068869478678,5,2,13,17.641396369030886,130.6575181983681
70.7654273426418,4,2,34,13.052512981312729,74.74682051482819
129.09839738416517,5,3,47,25.57087836393392,123.82844297006265
172.28571017129713,4,1,44,27.164855700404907,123.52345242023661
55.7006706175509,5,2,19,26.44331275395254,60.14866958885445
127.38535434129217,5,2,48,29.25679492169847,134.01504766564977
130.39531176993694,1,3,12,1.7980563690720435,121.78868989498983
151.2729148710924,2,1,37,25.354668702220398,111.48799213243844
70.52197156487672,5,2,48,22.801393018133705,60.815015490652435
67.18173547662894,5,3,45,7.632137872610579,54.70470359778892
140.8776626246759,3,2,48,28.7332827082383,114.44022530678888
131.87938692932744,2,3,7,5.297159918668418,139.9330974566709
130.01971401383506,3,1,42,20.70694788688334,95.12685972364717
133.857928379879,2,1,19,7.521816287661462,93.16958776490185
92.79901113686037,3,1,32,13.510038814448166,72.44194768873197
129.29014788644014,5,1,25,21.8556370113925,124.32029726323795
131.72289893194724,5,2,38,17.336414618958354,115.82511178785776
91.42594327894528,1,2,20,13.39755310851524,65.23729713976772
194.63098044579027,3,1,48,10.463814497027629,159.06442625869698
138.95331683647152,4,1,41,25.350130015554917,115.5845959330783
72.34786011189405,1,1,42,5.170616159129597,41.009078602233494
146.2621443453532,3,2,40,13.472983419364201,121.1003867972322
81.01273319090714,3,1,8,27.208969581479124,62.633025622762766
151.48338414969808,1,1,23,25.529636963339062,105.4128453456081
166.34382316029615,5,1,36,12.627311111718354,137.39103627846328
87.17270726593158,3,3,48,23.13014254443794,81.98567308847427
158.53504516977287,5,1,40,24.87166409055692,127.94833480255956
136.51123707745992,1,3,16,26.777735296105263,86.67066915578246
152.8824063997796,5,3,23,16.79066730242761,145.9535696883642
195.8717193061579,2,1,20,6.929365695586642,169.48468732386482
110.18447535988518,4,3,38,8.403963218614017,97.38543802644239
89.85055342570041,3,1,40,9.575145547206523,71.49624306911741
84.41942281497907,4,2,38,18.22027194347885,70.33486507596011
87.36758860138247,5,2,12,1.9514790997296447,94.05179771694006
116.91593162343584,3,2,10,19.44523159461908,113.87863132333734
133.64607899266576,5,2,45,11.566272914418729,121.99313501319969
131.06763197320078,2,3,18,9.562012272199622,123.86903489913286
153.08732996144096,1,1,10,26.505400551115663,105.5288473781274
120.52007567511627,3,1,12,14.340069471843169,101.0091216083616
178.14136308629267,2,1,45,3.7565383204480907,154.17495946728314
109.41372667048176,2,2,44,24.975656272761164,74.18709921574224
228.80676666358477,3,2,0,2.381596465658691,200.0
145.02669391060024,5,1,39,22.075727500877704,118.89965046808994
85.71369774334869,2,2,43,23.44328043134929,61.03269282842011
77.16430007755551,4,1,18,11.225475571936887,92.22032814956522
139.29889660972742,2,1,11,24.918847832055814,105.42150360009173
111.06148858696596,5,1,7,15.954122769837149,108.92558751216053
148.56001976368367,5,1,7,14.435515944911108,144.39462206370874
138.9295049829418,4,1,44,2.316695162592084,126.45034290177752
117.08684349372508,2,1,11,9.41084661581827,102.3145849759667
86.1282512772638,5,1,47,27.999289155673694,72.93755900415685
59.40611101256542,3,2,32,12.3628949352215,42.921049252278344
102.13940191731916,1,1,44,16.85431509614628,75.96725728677977
154.2559517729389,1,1,25,16.428628690543302,110.86576250296291
128.56374976520817,1,2,38,18.122501604858105,104.94742118376924
70.17044885152048,2,2,27,2.778597713655196,79.06767446388564
126.92723703404728,4,2,4,11.50311138916312,102.9346613184861
135.41269518915348,5,1,7,21.970719942594073,137.6828744542968
84.64570255195468,3,3,24,6.816247281116505,79.39786048233506
126.14900423782112,3,3,26,6.903772948844453,114.95782469398993
122.32834873784,2,2,45,1.2926275939817171,95.09249066815727
74.28118808677507,1,3,22,13.686975871638083,64.06613982426377
134.31149441393134,2,2,29,26.59929703952924,105.0176958431545
142.43138105472937,4,1,44,2.5051273640319613,137.661769414696
163.32204972701106,4,3,46,6.542442575384076,139.77248572761422
162.15208208139612,5,1,22,9.992451611939897,164.93346387852603
64.89322528171635,5,3,48,22.220017360362174,71.85171240828089
82.48699840339509,4,1,46,19.57843219127501,70.91007239483265
140.6014106883464,4,3,19,13.062373232873796,129.3420982952853
140.55143803648835,4,1,17,23.012999238492895,117.46895633860572
140.6019074522419,2,1,17,18.679299338050157,110.3284385487034
274.1092596261889,4,3,1,26.985183190059352,200.0
142.83562042772667,3,1,3,24.722775725022096,117.21710887273296
165.42262560722395,1,1,29,8.331594576586816,123.96700863241088
158.1600705397281,4,1,32,8.871718751391807,140.4367900044536
146.05565005223193,1,3,35,4.635337797979183,113.16396995554207
107.38923021438617,2,3,17,10.771977045806238,99.35006465862331
150.3587688197307,1,1,36,29.986773642853734,103.86295787955028
89.08699141849712,2,1,18,12.76678388983677,81.25351028219775
110.52725573039965,3,3,46,7.394164605984085,109.41546438828243
100.58545808683586,2,3,27,23.11200364979104,92.39917024802055
123.2749655754529,2,1,39,16.731659100417026,98.63519347068006
212.58634266694034,5,1,19,5.338442036281624,195.9481653230799
45.309392296330074,4,1,48,12.040000753665108,40.40000319904715
147.45040761498055,4,2,32,13.019621750640956,137.82691210149744
55.491365152413934,3,3,11,22.86106131650734,62.66757507029472
101.12272536842266,3,2,14,1.5994696978652294,82.62515391056023
163.55802387869466,4,3,40,8.801569757151004,151.22910618045285
122.57120076381851,5,3,38,16.010292738150138,130.1331123190684
76.89020888282775,4,3,1,8.796555531132457,82.35098639464813
91.38785162960127,5,3,28,19.224587375150968,86.15251785476673
147.18390995738704,3,3,40,14.974156898963882,122.0614149055645
90.78533473131453,1,3,9,11.48959739092784,64.03470916129643
128.658343583279,3,3,1,28.527050179244853,113.72298932148986
121.82287359615255,3,2,10,19.332625476407266,107.09164053969093
93.93598609576732,2,1,12,4.768299795770296,85.33490730750172
205.75776357301302,2,1,9,17.242659225858468,171.3446474576592
145.35676089272044,2,2,13,23.641223742826128,109.88486282094853
38.99429653369572,2,2,17,21.54620122729112,35.75432860353145
127.45817259077711,5,2,8,5.9905876495625225,132.80323084699774
93.52854140926448,4,2,38,29.200179972162996,73.73882583315975
154.09733339184896,1,3,27,14.015595726651574,129.07124883267312
88.29917046269198,3,1,2,5.611725108467578,86.24054007978721
115.41054234132405,5,3,19,6.22567686971629,113.10369774376727
140.1994911592183,1,1,5,3.8488147734833342,120.06307250546973
154.63020776680486,5,1,26,24.302025144613097,131.44604620760512
71.98814371776895,5,2,1,4.538884335333611,93.09172554669222
106.61995056636206,3,3,28,4.628632457110661,98.98998042384395
101.00218755356175,4,2,37,25.663676828064293,73.67225581116666
93.86683069705153,2,3,2,10.993518448979229,90.86657518842811
190.61816961124387,4,1,15,1.894879224934101,173.84112855484238
136.19926843843822,3,2,29,2.5049636860339155,112.095561779757
69.56464182659819,3,2,39,5.122942954412971,73.79560313842514
156.71447788219103,3,1,1,7.188407091294996,146.55958712146014
204.88624788050532,1,1,16,20.289239632913755,149.86457656319828
161.29861042204587,4,1,40,5.562462120053019,134.66139426701105
59.22520136183947,4,2,11,4.447357344135088,67.53640628710878
100.63063708534995,5,3,34,23.176855102812095,88.52756080649752
170.6764459674649,5,2,42,20.46060323193752,155.31482700711993
91.69322137524877,5,3,0,13.62440242220185,102.0320953823702
137.75277712584915,3,2,44,16.929983372923015,103.00165855533545
150.98536213717347,4,2,14,10.047536589466135,130.7398122865128
82.92278113687668,3,1,25,14.99251218682546,83.71916058775264
117.618985757528,1,3,36,15.693506820499628,108.40405897492673
30.0,5,2,20,12.229880864164782,18.551794446232364
79.02449434662842,3,2,48,27.29059410949272,58.86154587105323
109.89727394427359,3,1,30,1.4657940844491781,94.78529298912851
70.08867272140603,1,1,24,23.68296662964614,52.9264490454118
185.2964521572654,2,3,22,4.607102105998406,161.292816015408
62.794344881574695,4,2,23,24.128873455578784,43.4703247033266
102.39822053212065,2,3,37,18.861445554624915,94.40653347373235
125.22962309144366,5,2,27,25.45506463715567,126.51419882820582
177.65093156264462,3,3,20,3.8279154435860265,167.57931285775464
62.56551395282243,1,1,42,17.210438388893447,30.131080021529133
166.52655008619837,1,2,17,15.531548527603716,126.68720130792344
120.40932244078348,4,3,35,21.4796023059374,89.01045818608097
80.73965395808196,2,1,34,16.494426004916598,78.50499507796283
138.48413897053084,4,1,44,16.681302446860023,113.07927432040437
127.96238782293881,3,3,8,13.458282363705875,141.3736622929959
95.99132491364821,4,2,37,9.956198296212884,109.96726109188991
122.79208339960076,1,2,29,14.985666476313574,86.90656931783438
104.5874561255296,1,1,43,4.436278404283617,73.76914830425173
124.54069381004992,5,2,33,28.883886830509457,114.25251505625639
146.48522698084187,5,2,31,21.71791214517135,113.5838044734251
183.4406726458141,3,2,2,28.621546383947557,148.65917375089185
70.48738004692603,2,1,2,7.575094087568934,59.820766981689076
205.32133498625066,4,3,27,26.500889585119314,193.118282615908
41.91648801909993,3,2,43,24.454909552342617,35.31591449415319
113.92859619857667,5,1,14,20.637419961272535,103.1764972028531
143.53268825938306,4,1,40,19.125846396470966,113.94838008241796
131.2396747094013,5,3,22,10.17994029276823,138.44226559438488
95.09201920717625,4,2,39,24.67591276398589,76.96855074444396
111.67510998570899,2,2,10,15.54394838291228,95.06528405348605
100.27996261364669,3,3,47,3.0558557008472755,86.90480701577407
96.42540972223154,4,3,31,10.07303166479877,79.7284406252319
153.98408388084098,1,1,35,28.1236158578145,100.1651078987389
134.2806194386019,1,1,32,25.66972755754054,91.16991469846431
92.28361618957383,4,3,23,29.475265244219635,80.85671202691296
155.98399501733002,4,2,38,19.211808095518844,131.38705270686953
132.29198083506438,4,1,33,8.177792121071946,117.25549160232791
152.5144847535584,1,1,27,5.72163644062905,116.86389328102211
145.18515367694448,1,2,36,6.420518777645388,130.22912703441696
86.84019956311711,4,1,6,1.574074092070377,99.96496380302831
97.59275839212123,5,2,3,12.329781218592236,100.95822343249249
149.89174420493046,5,2,36,6.551402734486732,142.98027679411098
144.4148106173386,2,2,0,12.93800835324437,121.34196190271913
119.16393624143407,3,3,0,28.114838523324195,76.83887681096739
124.69309533235128,5,3,46,13.485666075708508,118.016573357287
171.106595831537,1,3,19,26.46155041256021,136.91064507146163
96.33714444656681,5,2,18,18.55963823186042,79.06327886092097
141.8838952468015,2,2,28,8.166815085180366,124.81781934679702
111.91229390264424,2,3,9,11.31978801851713,98.26417433340875
111.29275187091119,3,1,17,3.433666538821453,105.29670543366484
163.9510740794876,5,2,27,10.670415214284304,148.92166518274706
153.0166539595212,1,1,34,20.64868741960249,125.79852420008417
152.54038544002555,1,1,42,3.0912216949536204,122.34898571038448
172.21915228617317,4,2,46,6.956640845862851,161.12116599272719
120.84015366531037,1,2,30,12.061790200986033,106.48848925350471
147.27811885179855,3,1,26,29.479436573462912,104.6872195338233
107.58932973626176,3,1,10,23.760992865807527,82.80079865589417
132.9666540995377,1,3,48,22.271115648271014,104.15387228275722
114.79427782529261,1,3,48,4.369537739237933,90.3952805530334
123.87983859970873,4,2,37,23.648880914834752,103.49336272978667
143.80628101747655,1,3,4,23.772795533964437,129.2242752687051
87.2711726706611,4,3,7,18.43197817310552,85.09728526805543
203.69549102741843,4,3,33,29.720491677952786,160.80685350047253
79.75930474001191,1,3,47,10.432363271812006,54.853262139747585
71.43245548849072,2,1,11,28.296900999013697,75.62107890321273
166.3244349400027,2,2,37,27.527202333738604,126.11375198128049
151.66650775851744,4,3,0,1.3329391327319575,136.02425908826885
144.9647926820862,1,1,30,14.05337926776952,93.25055855861825
145.1338203705712,2,1,3,29.336022758495627,107.592678490468
119.51012908612341,1,1,48,3.990519509834198,90.0476223197078
84.10982514056674,1,3,44,16.885756137116264,73.536719108172
123.03218232774906,1,3,49,29.389767704192018,96.45431367472091
92.91353153951553,5,2,4,17.109367299069945,95.9126773713491
159.00478933671005,1,3,29,6.504643786192523,127.60982371467587
114.11770473991446,5,3,23,17.8833136726851,115.14852548980589
86.98011212829954,4,1,2,6.928776644536859,71.23224061900733
107.14456633388026,2,2,10,16.071423623940042,111.49075019442637
136.51725817102496,2,3,44,3.147224319458092,124.38125033565704
97.451017887841,2,3,3,18.558997407217735,95.75121780394666
87.11118417734275,2,1,25,15.986908234716587,58.953959405749806
129.7474884596765,2,1,26,22.46467969408243,113.19213733366595
129.7986628443489,2,3,45,19.290313663604767,99.59360183341381
99.7222729851548,2,2,42,16.938581787391943,69.38294626624224
101.15846777526708,4,2,26,21.003586628195514,90.83325720005372
129.28199749430544,1,1,41,5.174315493594695,100.01288938876326
62.07662634010703,3,1,49,18.265430176499518,37.943215258715895
63.70144902493779,5,3,5,5.9912074818605525,72.0161819436063
91.26223114990256,3,1,14,27.840144027704547,64.55739515278927
111.4621139315261,3,3,29,2.981689040522522,96.24169594639137
132.4363026239202,1,2,41,13.480867741033004,98.12762915762364
179.0142486779821,1,2,36,21.1781268520079,122.53248415465715
154.30638492808077,1,3,36,14.282644138379503,116.19004089913552
113.60245880146292,2,1,41,3.670762343754168,104.29793135313594
119.23935168389245,4,2,36,17.047991467674514,113.90058013431856
79.89882541448765,2,1,34,19.607325355993282,49.81660524466592
119.2594745603044,4,2,22,21.40997701872472,115.8846403118235
108.45365444319447,4,3,5,11.824534619420008,89.18626355348506
132.90874241352358,3,3,3,17.346139159834102,145.34536757102333
86.91076225790708,3,3,17,14.069907773228481,96.09678784106735
140.7738605696469,4,2,8,20.489625123815348,121.1769567724088
181.30955652010311,4,1,48,17.923152052419738,153.31033480722374
115.6495940617257,2,1,28,16.24693036721491,77.78701678468182
136.06846888395765,2,1,12,8.23620663830921,115.94109968726966
147.6057596684445,3,2,46,1.0585370146987836,127.51870890238155
103.95118112456655,1,2,16,6.048368584031449,79.58912671371355
128.96369927241668,4,2,44,4.394915201300891,113.4879269540243
120.5036960312718,2,2,31,14.023457605317455,93.52135326426443
123.90704394195328,3,2,47,18.755486372093493,90.03052477433953
89.07960864578135,2,1,21,7.179465251859437,67.89248183172873
120.9804069703577,4,2,3,28.232655783048425,93.64955342476482
139.91993164981798,4,2,4,1.1937817474927455,145.11236210171418
178.04574431180168,5,1,36,23.396729439794942,142.21710326498118
158.37083304340828,1,2,40,19.130938316382824,107.91098856083367
206.12729830046226,5,1,48,11.833089230382775,185.8003408233384
89.30609748447802,3,1,12,2.4641793879598297,89.50899183699579
154.89282546882714,2,3,33,19.197110581744102,134.76071564367928
127.33368022953407,3,3,44,12.182791873103794,120.13638048904188
207.59211732870688,4,3,21,28.151747042983356,196.17236931085804
87.66806858579395,5,3,22,16.717712171803214,89.81520111580173
86.41112631276896,5,2,2,28.249893827511737,71.02787734650423
96.02429418223912,5,3,41,7.394027110725819,101.63279979804962
35.04417102760772,3,1,33,22.046051400558994,21.7222648930085
98.96979913276957,4,2,31,18.900221604613044,79.95067567075374
89.63469353785209,2,3,44,22.44283866510804,71.68558721990006
126.0157514590483,2,1,48,7.225368055203567,109.25744446973277
133.67023903108637,3,2,20,20.284840970895438,105.43382232345853
195.04683356863546,5,2,45,15.4431713986492,183.05976202890096
158.016953527442,1,3,43,22.541924272283172,110.64646109578386
96.92385377350388,3,2,20,10.484294680402716,86.85790346534712
84.06341314606568,3,1,43,26.811653738492325,67.10798246541505
139.67676686026022,4,2,10,3.4447381237291608,130.140052339503
67.1906717191743,2,1,38,24.408490244944453,29.188268863481852
193.25835063417415,3,2,3,25.978269148637633,171.29162085090857
167.17760482885149,3,3,0,24.700317029637816,139.15728194470202
101.23297391581181,5,1,27,15.869065433591505,103.10083090979062
51.4746188363649,5,2,23,13.713164420892078,48.081671508369254
174.1548949666165,1,2,34,29.891606309221427,117.64374699771835
115.41840618989528,4,2,12,7.645986585210702,120.73606575486446
169.51265247893846,1,1,46,16.859403010405295,129.38550140536836
56.222893648225316,5,1,33,20.44959023608744,51.76766269368977
96.02499908184909,2,1,10,21.325161439981528,80.70773452719689
120.20974798872733,5,3,35,6.916715306418782,110.16904938232892
121.87922375058969,4,3,16,19.965828677854237,114.42305583643376
101.99738114083026,5,1,34,24.732717427958782,91.71708543258546
144.91399729389994,4,2,17,2.4505387278122543,133.56811241930356
77.29518282469623,4,3,39,27.434117506434177,60.96623045063231
114.30482059914826,4,1,21,1.855617599210972,110.01853346186105
124.81182526847596,4,2,23,11.323159942163436,115.03806881069005
140.57755336234996,4,3,18,1.4585826907558999,132.47453055530593
148.4645951235556,2,2,36,3.2372098876478743,115.61492645321304
75.01431632648523,1,2,38,27.423880270222295,49.824283419431715
58.63543317057511,3,2,20,11.290964091638287,53.62964084227488
171.10707287594036,1,2,7,13.318374382326533,129.47989490521968
133.29256047918366,4,3,27,7.244987060094026,127.04685296088103
90.06053853773786,2,3,4,18.315777335414875,97.17359688303671
182.04607902090092,5,3,16,18.2492932256559,163.64393994482202
124.62698537171434,2,1,36,11.793811362931358,114.58244802832601
167.17188736255306,4,3,35,10.658011282356552,171.55182139616514
122.70073925640436,2,2,18,26.663964937237047,87.69441991272821
202.42991699527948,2,3,26,12.11524294962384,169.7767542034013
190.21363369772817,4,2,33,15.311528772477839,184.9524617501067
110.04143406083706,2,1,10,9.215838110322988,93.21442857941773
158.86283803817423,3,2,44,23.816315597356695,127.75023408951503
145.8150379834059,3,2,46,12.525996550073657,105.48897736793896
174.74526230129396,2,2,11,15.894720349785413,140.3322306629458
81.40306157679582,5,1,20,8.34735793173018,90.50465714226094
147.44205839993757,4,3,10,29.6421281778963,154.4254090605144
162.33697947398352,3,3,38,9.453376486787963,139.58282700107594
49.65042054307543,5,1,27,23.351533396260997,34.01830651381629
72.669659493369,2,2,4,13.397373860346017,52.584548756789104
38.43071288959598,5,3,16,6.980304747440057,57.69652107857378
109.2237266222177,1,1,19,24.191844154980974,91.25512720080616
148.70169023183848,3,3,40,10.674596881842252,135.99759057330363
180.0942820838411,2,1,45,26.09060707453652,139.63268076490587
122.96379121679101,4,2,11,27.54245836261687,121.49124766130035
185.14462182285166,2,3,5,25.934891226347002,145.9459609699183
64.79594167140434,4,1,16,2.015229529397364,70.82008577200044
51.86470242579381,2,3,18,23.833827005148063,39.77102723603706
117.77809204413525,5,3,25,12.928844528475173,114.0434940165499
135.3626179575723,5,3,47,26.33796468528453,109.65841848016073
118.69221007623628,5,3,43,19.500673617857423,107.16367053772237
37.302315998404936,1,1,43,25.175650890174794,16.37687169118256
116.43519841948846,4,2,31,15.483521326138225,101.49168307390613
67.82121997980587,5,1,5,16.51573963336905,71.38849113702216
146.78690195320155,1,1,35,5.18724133187635,119.88630633099491
134.66392984387392,4,1,37,23.735633401991308,123.85028486474748
82.4048085469058,2,2,10,13.162298738342178,86.45425614947953
99.44532330653226,1,3,32,15.502323429875895,87.01931460425779
77.63145912444193,3,3,23,23.76783370877552,57.02143566078263
117.49283610907312,1,3,22,18.36651660230373,90.80691073040809
158.20569282004953,1,2,14,6.831863095837356,128.60577240099494
80.57095814657825,4,3,26,18.11674711537589,72.62689465168901
140.16186062071378,2,2,10,12.821352881410018,123.14232384616209
98.78969526510237,3,3,49,14.616240719272017,69.9803509196313
88.28508670950623,5,3,16,1.8210269576773657,117.45322058404922
115.71878560181769,5,1,13,7.090851135972167,126.38180962868519
78.59030710322503,1,2,26,9.15010436004982,68.87921612157268
97.85402778611271,4,1,17,21.67584022790537,86.42420881573565
72.08488429644606,4,1,27,1.3332817256453442,86.88965952505971
198.58900531665557,5,1,46,12.85454057564483,178.1379833333047
121.41054207886914,3,2,46,27.796779242346254,106.0964218841031
92.01097968029657,2,2,3,4.244537879924591,86.29599398167656
128.55919642936888,3,3,6,15.97630725833972,135.5523343729669
115.50687801236681,2,1,44,23.809149089334564,96.36980662212474
111.16121601867108,5,3,34,28.333407918083385,107.05763181025449
144.566668001737,2,1,47,22.65652254647782,120.48480233246225
150.3003084018922,4,2,8,21.896400910687777,129.50042684783017
98.7799540955789,1,2,7,24.96815461567711,64.4648823751543
96.9672703742128,1,2,44,13.939835408348767,76.01940372567061
108.99793211393424,5,1,16,24.36949144591716,99.24269551005412
30.0,4,2,16,1.2309677376180828,42.54586543687596
59.39235751205791,3,1,48,27.812270605927342,54.17087110017668
174.674970697781,4,3,32,13.855888775998084,157.08342430233205
185.79870854005134,1,1,31,17.04802544810668,144.55064484334255
110.03855841774487,1,3,7,8.391585218531587,93.16452853738913
143.06227852223066,4,1,18,22.53339415237222,131.39435713439366
132.45000618174146,4,3,37,3.2224383877822156,132.96754356458123
243.15523233820952,1,2,2,26.306438273858223,200.0
164.78299645738306,3,3,4,25.01538804118394,137.5460634789527
114.88329634076933,5,2,12,7.2657433710982255,129.9146499875363
81.77838237598297,5,2,46,24.470407550272608,93.3751863633138
55.74214718969711,4,3,45,23.804374258782964,61.11191459561326
128.13854543468892,5,1,30,19.33428133486452,106.75081280787596
89.74597018862787,1,1,15,11.832085130090938,62.85871074349481
63.10985161609303,1,1,49,8.873463871274168,40.49737980130646
94.13708463029894,4,1,31,7.721724118391151,82.60503350485837
76.7380798554242,4,1,21,10.239659920144607,74.35970766739442
187.48566540290258,4,2,28,27.20319485954338,163.11135955622885
155.26559027797802,3,1,21,3.251582503674657,139.28620537804358
119.6810943473353,5,2,42,25.0372670113358,107.84913253606321
179.19776555560105,4,2,2,11.117812176212883,160.98727885837292
123.09473230590473,2,2,9,16.126382484329387,103.8741353309136
85.54863194686945,2,3,41,24.04008337580623,75.18461894488246
180.9249630907863,1,3,20,26.646919863666167,121.29693026579781
141.55640174738636,5,2,15,10.998661182106764,135.6318867220684
78.51015382694175,4,3,11,14.393460956978199,85.29126853233755
112.38645287665567,2,1,1,13.020965879686976,104.03451004695397
84.97526986460971,5,1,40,1.384279971613406,77.18761651304283
64.68801076142655,1,2,23,9.582343776901041,42.730139896159535
157.04710190126565,3,1,34,14.316487778244293,135.5189875806717
196.37666561880522,5,2,29,12.921714657532753,156.79595276370864
64.05729704723436,5,2,29,21.935947597954705,78.79975494641799
142.51876946762283,3,1,46,12.159304899411994,119.00128303932037
93.97429723512693,5,3,34,15.191917020149436,110.3706914064612
100.51498464941216,1,1,18,13.458649171838537,67.21193936791533
96.30424303044524,1,1,49,22.478158317936746,59.640720578205396
85.44036921280735,3,2,7,26.026199570621912,50.86051231566607
121.94086511779308,4,2,25,16.42478329121791,102.38340281867275
86.76199534355848,2,2,48,23.893533631660546,62.02436065179772
130.81827303119354,4,2,39,9.606813778575667,98.42413573558262
117.99047562203452,5,3,6,16.699718694560794,114.89625302836322
110.44207812534361,2,3,29,11.011668656429201,76.17442640345783
83.69745351833609,3,3,6,13.011826841583078,80.67744754476307
96.9291467772667,3,2,2,22.24000207956739,98.49443565311202
150.21564903303025,2,2,0,26.56821198764867,122.53861573145862
140.03668750497522,1,2,35,4.523366341545197,130.3497405593256
80.89779020805796,2,3,24,19.404538438134036,77.07888858132544
123.97329221716903,5,2,36,17.882170419756157,127.51902704992685
150.05548493487157,1,1,0,4.434036136102025,118.17791747106341
53.22378875514514,3,1,14,7.144935582763163,46.315146928808495
141.7344076951974,2,2,36,10.019072347247727,120.63412414638775
93.49504964216614,4,1,12,5.841001053707543,76.69851827055055
142.82394674372637,4,1,39,8.068154993205912,130.13651739599908
89.46963373829932,5,3,7,8.760423166989519,96.5562972416754
47.804715973419235,4,2,4,10.734541158132728,71.3764705751356
54.89830248467349,2,2,8,22.73232313123361,53.74760296291609
121.92339786645528,2,3,0,17.585453911667422,118.71305564073178
130.38890006885927,4,1,35,29.601153486590643,97.96848249784163
83.82733499582366,2,1,34,13.02733898205666,77.23030119324787
145.54369835109495,5,2,1,22.862087141270827,150.25104005388334
53.5391975092416,1,1,39,26.27258421991948,29.507927663630138
117.35680805410733,5,3,22,20.690376298103217,105.74675210056938
71.55935200950174,5,3,8,12.944077472107384,75.9575708592036
93.92655568791363,2,2,33,22.854244291626834,85.50425232467714
121.89594685265656,1,3,45,6.906346995407861,125.90704140865442
85.58346538864191,2,3,13,10.49901279022384,69.80081521404938
104.61777823080699,3,2,3,16.853872397879375,85.0820858852803
160.2517123685776,2,3,29,17.686872231298302,141.7720755859577
96.92432521907405,2,3,30,1.6421027887062543,82.17927348723966
153.42768448260568,2,3,37,28.408311473924254,130.32154569140513
74.81172581369528,1,1,10,21.20219086530431,59.90174695357053
141.1921671166113,2,2,34,15.375408756724841,114.22625628994699
177.66274482631601,1,2,7,28.060689797840944,142.11256630734923
30.0,4,2,2,13.733771392274026,39.442473991323666
88.12418978118093,3,1,13,29.43263153784078,69.38697107816259
143.0828850872216,1,1,12,15.856257960061068,94.57456877336179
111.8781845582803,4,2,44,4.314287329941404,106.33191126754386
134.84583493485235,1,1,31,23.17922820131904,113.81765750786398
95.84059253136718,1,2,33,20.688034027257373,54.64077037941981
123.463591498916,3,1,44,23.416614917862017,86.60471553881234
113.77291058431682,5,3,18,28.59181883304475,111.39068879859119
166.71128246639228,5,3,37,23.518189776879524,148.59584971199686
130.17683373204852,1,2,15,18.72876146428276,106.88890784934033
133.5041064830081,2,1,1,25.861958168464387,99.67912402389767
103.5249213551013,4,1,39,20.524146741281413,99.38244657936339
100.49575103710026,2,3,16,12.835452647951769,90.24788016260642
102.69767248721516,2,3,33,26.682973163011425,88.18650663169699
135.77808569513186,1,1,41,7.435113362746813,107.90768598444303
103.16062076718949,1,1,15,21.724596972353,78.42114780718501
131.59099427585653,1,1,37,26.56534019328195,98.85846189432556
203.01603194581756,1,1,1,22.20817907139559,160.97361556062575
154.8449881372677,5,1,1,21.22098715256185,129.1635066525781
106.95905871328635,1,1,25,22.826510528083244,88.02755996374711
168.04855688655778,5,2,12,14.486602200718687,163.97681727136873
103.67698507913795,5,1,46,26.350949782553755,67.49760925845538
38.475018592885846,1,3,30,6.8996577789466444,28.788183136078583
79.67654756330384,3,2,33,4.6942060640098395,86.21773964356623
45.16832315896578,4,1,38,9.279754623436835,28.625495750675856
105.93946063834765,2,3,2,16.4157445064748,104.57936507644817
120.73673516758207,5,2,7,15.806292066870805,116.87401674408773
187.05749249101132,4,3,22,24.797363972621014,175.25013770983844
133.0770949505665,3,1,13,12.732491035716505,115.4839625518403
111.23597884764543,2,1,26,15.04598836245375,82.04510896693319
153.17622324733958,2,1,28,1.3876628145224734,132.32800379820182
31.5545876396846,5,1,38,12.882437856845232,38.8985962882252
129.42458232434262,1,2,38,19.78545275555992,88.93842814028733
150.83460775547866,3,2,0,1.4497415881711733,163.12625024041122
60.856550168806336,5,3,16,9.145576990401068,65.20146982400139
165.75016172827716,3,1,40,7.030734419392308,116.65520842232762
133.53985629977657,1,3,29,2.2175774383780587,129.74008600184717
103.38848344396794,1,2,12,14.898542607521588,78.0258807282543
145.3112746442514,5,1,20,6.269975503616538,134.14629935393586
210.82771431217583,1,1,18,22.549364649310025,158.20842847879533
127.27465020233981,4,2,18,25.589908629137106,105.72825150572004
129.92882345201343,2,2,24,16.821970297405286,99.07014890027362
101.62556401839024,5,2,21,29.469512933113105,83.39752172318599
86.00622522140833,3,2,30,14.063878572647265,77.4206385078487
153.21343266176982,4,2,16,15.88767809652255,133.40703150439825
85.75664696364531,5,1,22,29.687314864774756,84.66528204186834
122.8626494887757,1,2,31,7.714904642986416,104.0596077856889
100.89370212939534,1,1,9,28.333832250630252,63.472923642947094
139.1591930298557,1,1,9,2.2422890984542843,117.491422635381
133.34648421147793,1,2,35,13.94521981763265,99.52619421915247
161.50159777031598,3,2,7,3.030101851858907,137.36962286398668
99.59934404581011,4,1,19,22.147807544495645,94.69988716955159
109.20500258826515,2,2,31,18.643859140520515,86.6288197072682
80.8494513687077,3,2,49,21.492393640560294,61.05786407298122
102.22826959695553,3,2,13,11.859931599072493,85.69697751379537
135.0920197217941,2,3,49,11.71497608691003,101.13676012324687
150.2795446658141,2,1,27,2.3142590898659434,146.55418642686374
83.11338703289499,1,3,45,11.148403246359553,69.25769449943618
154.7842368042264,3,2,23,27.949363665599723,115.3414172385531
174.22551435219805,5,3,14,11.99756957823302,167.46028567587004
136.53739612894805,2,2,21,25.109663480437128,119.09524693089526
195.07183250232265,2,3,29,25.427439637748087,158.21892230828448
89.04843203585708,4,2,3,11.823993534997781,104.46696228251801
70.21381186754331,5,3,12,19.32767173148948,62.679082207590234
48.85119004382885,5,3,22,3.7657764659187003,46.88484332830163
179.84177245956732,2,3,7,4.006678841294018,162.07525276554438
146.17462625416232,1,1,17,2.4110722461896863,123.09912631397384
117.7766131635818,4,3,11,17.849437707878174,78.70156989438394
131.19874505279282,5,1,30,13.356058351156813,114.0452059546357
74.98043810806493,2,2,13,16.892938343262962,54.85125817098592
217.83007918467305,5,3,33,16.111122524743248,179.68903967833526
125.1688472790091,4,2,17,11.155886741631178,107.04671680629359
124.37579178419571,4,2,33,20.646729029880714,114.53514692840982
149.03066495594769,3,3,10,22.99655454657533,119.5522044785734
139.24036926946854,2,1,40,1.4242195074525958,105.8489643160301
128.95536097116525,4,3,11,7.010026693297471,110.27122234170668
88.38102178218753,3,2,48,21.68384017441677,83.95199376369989
138.85873428543982,3,2,14,12.211985006381191,127.5273185798676
195.28097985900135,5,3,30,20.212034461306637,149.19520462751876
173.8168018461991,5,1,48,11.061917132302193,142.1000821185763
183.72746506557587,3,1,28,12.331899417559475,158.50120118763024
99.5513729427526,5,2,25,5.601687337000863,115.65418017553003
80.41580718965676,4,2,17,8.48869957031864,91.09668356023265
114.96852319601408,1,1,31,18.55694096772003,80.9395189703724
122.22899649154779,4,3,21,13.561730228139826,96.48856347123792
163.76766073883795,3,2,37,23.45477780539326,141.58922962748684
52.30141481140723,3,1,16,25.72496369321194,40.80968148931478
181.18201277842456,4,2,22,16.707746128286036,158.88035730474732
113.67968405684043,5,3,23,22.989751469625716,107.07466712857452
102.9247572021032,5,1,49,9.90023088264253,82.03439532459862
79.5158249895933,3,2,7,13.034165246602267,80.33807949060339
53.80573312536923,2,3,40,21.670552610288098,45.47390050628581
152.92682335847658,5,2,5,12.20014779169389,141.98349636178634
122.93271868753615,4,3,4,18.066643119610674,122.22391138884845
68.40156401035784,5,3,43,6.375810593392833,63.1933504373568
68.19684911745536,4,1,28,18.393368134144442,60.070767468060986
106.56861202839487,3,3,27,25.983897509579915,91.12421559728384
186.7608610115757,5,2,10,26.190549554879343,147.96413771047025
109.6163459454558,4,3,0,22.00598778355665,105.11911675622578
59.874281875275756,3,3,42,22.626847993207654,59.52245297042974
110.17027743656223,2,1,18,17.17989590937032,85.91396475413595
109.09105721009318,4,3,8,17.955374614808917,105.35400943552665
30.0,2,3,26,4.875866860905022,26.68513438775887
117.8282053392875,2,2,33,13.871916464217733,92.84860495065843
110.76261879165288,1,1,43,14.07251223270455,77.99586492152714
147.84825459253673,5,1,3,28.796437234364465,119.5133499115225
193.9582437978138,4,1,35,13.501519016075394,164.2664677570057
165.06260118191028,2,3,17,16.93093670217997,135.83612775839046
109.24445237780678,1,1,14,16.46429057909397,89.35431456323167
75.73896365033319,3,3,12,19.466089794285487,78.0927255649562
222.93439212999442,4,3,18,22.69875210862498,200.0
122.36873736057953,2,2,48,7.526214408955291,95.44927917503469
120.55717167651785,5,2,5,16.333008153854635,96.51342240804581
119.03499651559987,1,2,47,24.951613512164883,91.7685879210452
127.92339043071419,2,2,11,14.430326701287832,113.23475863490151
114.2255835230423,5,2,36,9.075268844833618,104.28991634915614
97.05351972479055,2,3,16,19.986563185332674,88.99893618283947
98.12564235038431,4,3,22,24.889254478174564,76.16998861605776
118.68986919136006,4,1,25,2.8310684948943483,121.83876323434363
98.26300915464941,4,3,28,23.526924018809588,86.91069979637422
91.48616869291342,1,3,32,24.827790055891363,60.08576379633611
124.25720910767588,4,2,26,14.384164900069598,106.79666927371703
109.80091130316579,5,3,24,29.515864047735555,99.96794715866272
180.15971954330755,2,2,9,23.814541880511964,146.30038396139543
30.0,3,1,46,23.436214381974306,10.0
163.66027407689847,5,1,22,22.687318657950083,138.88848549296247
169.84340769990516,5,3,20,5.367634993329946,165.19330439787396
37.06439070367402,4,1,20,7.299695707137314,45.0844574527049
106.29249623678605,1,3,42,14.455713812468325,76.9304101274507
105.14236536016834,2,1,12,8.65612614882451,82.40392296950978
63.69953221128715,1,2,36,13.041988197687173,54.322287099134506
88.88733249636499,2,2,32,26.7654591877647,72.5703967631887
75.57696618136686,2,2,23,24.90547986449881,59.980196564456705
190.09081773694493,1,2,43,19.271156475919483,154.07903061149824
157.42713572589844,5,3,10,25.885491433282002,125.38568630240141
170.86220379976635,2,1,16,23.72939928150023,128.98111698399595
148.8668825617294,1,3,3,13.440563023385824,114.21005341434416
74.83792915131083,2,2,46,6.8308894094484085,85.81762126770296
99.01918934880905,3,3,24,15.911830160270837,97.59163460287168
139.57498244911673,5,1,29,22.350637593327953,121.89404732604665
71.11488764432218,4,3,8,13.656168363158198,85.31373172234021
148.51993720689552,2,1,20,20.33638538373302,128.81051371120105
110.3869840736746,3,3,19,3.735495362440265,117.69815649296027
105.0071676980161,4,1,18,22.6921373547707,101.27670033203106
148.43839872813965,4,1,18,24.568694976898797,123.2409682612417
137.7705324594416,2,2,11,21.49829781763569,108.25362286389591
105.5613533672368,1,1,36,29.0506440382646,61.1018688748503
166.37319213456993,2,2,41,24.97290966635857,133.43657154176674
76.7574668960041,3,2,16,27.189718108419612,64.02175710930567
144.63742427777055,4,2,36,28.073561420271794,116.28844840690859
143.72405031873535,2,3,47,24.239091764340447,107.75308075554003
107.61814242744039,1,3,38,20.553506418188473,96.71968703920496
133.04532088968472,2,3,27,1.1658388594628892,128.98014141043305
69.95545694458788,5,3,40,14.508946843470616,93.01383069521665
156.96108076827605,1,1,34,17.56370666004847,123.27717428351768
112.60391454228044,3,1,46,9.816877900991988,94.54423708587734
99.09107917923842,4,3,47,10.22502896020069,93.50632435584113
161.96036903347556,2,1,17,28.87362305559479,114.52846822636833
91.82625237828964,1,1,13,26.859615090879633,52.81700443967788
63.661548145457616,5,2,34,25.62619115954942,67.38955315552012
57.73483305904385,1,2,43,12.774342249477208,32.85390821766393
144.24039805382557,5,2,40,1.397257961858522,139.80826700080357
68.78282590014868,3,2,6,3.326445147215708,84.3177049774632
190.19176727937457,4,1,40,10.053694678310507,155.47202715403546
36.72282368465112,3,3,12,1.4565444768746325,70.35480305519935
187.85825473160153,2,1,17,1.4973436755407454,149.23098073806986
128.44069868810473,1,1,36,27.58149574762992,99.66375864156728
116.1314755251843,5,1,12,21.47859656145257,112.01344395074479
98.20323652764202,5,2,35,9.959723711976427,109.5236798655869
135.96544457408282,1,2,30,4.846692750427642,100.18703317045555
118.49461190300606,1,2,1,15.837435818957236,120.74718078246235
164.13207528066084,2,3,15,1.1550386647765691,144.94039005431134
124.56910594648159,3,1,8,28.213998571886176,108.714764864235
126.01207045847511,5,3,8,13.02963846227947,141.13971202510535
105.45551151144576,2,2,37,12.66771370188265,80.58393168326313
117.72217505115731,3,3,10,12.327214619871683,118.2713963604618
132.31207075568236,2,1,21,3.010521581245178,105.42969936170839
51.593264293734975,5,1,32,19.511344953962972,67.08855476258488
66.07258311577148,1,2,35,22.257104969222247,38.12770669571873
149.7305637609086,1,2,44,20.607636530060418,112.06570256865427
126.83461752511768,3,3,22,5.014629306552435,121.62158637693753
112.64066654589283,4,2,44,17.786364873032184,106.26234849742433
120.73735732261572,3,2,44,17.515050040995362,119.71712392186033
133.90326821446683,4,1,33,26.18391285030008,105.91096825027853
98.40961278762555,2,2,8,11.994702092893762,98.51768692638962
88.86781098390749,2,2,23,11.773092366123592,96.31028709040557
127.83381020390726,5,1,7,18.93728470282738,121.0557394203613
80.86508889539871,4,1,6,19.359106951485877,71.31119013937312
136.33011022857886,5,3,35,14.609271592447922,111.45911499228622
51.89665583048638,1,2,17,13.848721507582212,61.02572158470863
161.16622549302576,4,1,2,15.330282448498597,141.42339587092766
138.90389929652173,3,3,27,25.970313685596043,106.72437760211385
130.24118937255503,1,3,5,14.373840136363391,96.42273058776469
159.30763935782056,1,2,43,28.25802196712485,105.68495859879363
186.61897777850305,3,2,43,15.616109144293455,163.08418058292736
160.5748026007252,1,3,20,28.52682010224585,134.77511730620463
46.36503074673419,4,1,27,25.152125154203198,48.63718073484112
68.81692133057194,5,3,39,11.510508355859045,76.82166116006168
95.00725689217285,1,2,0,26.045601217601863,61.52779900992399
121.04364200843335,4,1,35,4.191835241832342,103.43958652681003
140.70636081876492,2,1,20,27.826368084947422,96.58571050572547
90.97024747386138,4,3,42,19.31766193740386,89.44557706564983
127.47067057908313,5,2,34,2.5773317071470245,114.25474582107596
89.7846827058671,4,3,12,19.683444985873535,81.44356256122099
95.53928788032206,3,3,48,29.25318197019793,74.36996688917363
63.73355612607111,5,3,9,3.024218983824239,64.97673387798129
83.07067015556383,2,1,43,17.0859435836225,62.781278641048274
65.93261577534665,3,1,46,22.686036143021802,49.13154573841106
80.9650698809067,4,2,9,24.497499014286408,88.56539785719905
162.14567186431358,5,2,45,13.00099649430308,137.0173837939618
82.02404444672229,2,3,12,6.920830215879047,65.76686526631495
225.29528259349564,3,3,36,2.2279260843991313,192.1816665366841
139.73271603523557,2,3,37,17.81205855581952,103.49923061591852
127.39344494779496,4,2,23,14.134421037760713,116.63909135748686
85.66568879275147,2,1,1,28.51358745934162,48.4764086862643
148.01239517635966,1,1,21,2.757542323732384,114.77769094544873
96.97448695048905,3,3,16,20.876464959934165,78.65764038220196
124.88039258581446,2,3,35,1.7240204414816578,116.71987461877144
222.4033815307518,4,3,13,5.971591124605739,193.2312625660449
116.157604011014,4,3,9,14.15379099776219,95.6882301239451
165.97093305142704,2,2,34,14.191300841283178,132.86289505115454
91.8729429949645,4,1,24,20.885315745075673,84.45455792617885
118.60046038012153,5,3,2,27.396178011164942,112.07022736590748
190.8320254254204,5,2,46,19.531932608532703,158.5864262438789
94.9213176884893,5,3,37,28.652517837693754,81.49517422610192
192.49794231987715,1,3,16,26.566853556461933,152.6444074020911
148.310077418219,2,1,11,17.950494070392917,111.57832740698326
97.50132896422929,1,3,23,25.17996657664599,71.5262501689551
145.29630956222084,4,1,28,19.634750699385386,131.32413800895773
158.9021779850692,1,1,42,3.278177096788087,112.06942305060488
144.87239848868785,4,1,24,22.476376974525788,122.42306010628467
57.191011204381745,4,2,35,3.7523447967530403,44.98674243715882
90.91451296700527,3,2,25,18.22840063652166,81.89670675544292
110.0992545779398,5,1,37,21.376565969888638,88.20302856941692
117.02266283599815,4,3,0,2.929300638114802,131.34939808004907
144.82688390202713,3,1,19,7.693044963869421,111.44551154323351
127.10804003733016,5,3,27,27.554494735587845,120.92997503008027
66.58622565159595,4,1,15,18.873120274753994,76.0437311691647
135.20791404023853,4,3,46,8.142294545505415,113.58828994523343
144.42342981135292,1,2,16,21.029713363292192,104.20503787748683
142.3916179172416,1,3,39,18.306516178888998,101.51807980058281
163.23122902218486,5,1,27,15.545695297620503,140.5535086848946
153.35688618195616,4,2,11,29.309422274654427,137.00501580013236
138.36720316913747,2,3,26,20.82015954481776,108.40863342402984
117.19337154165412,1,3,41,11.887792180369468,82.40121889107499
53.56156265936035,5,3,46,24.202129530229172,35.360648296540795
137.18472876530342,4,3,29,26.652915494714446,135.64080033000948
128.30750748652446,4,3,40,4.631396225988111,138.135264180372
130.86315348781494,2,2,33,6.816036357512728,116.28487500638015
68.93005696718762,5,2,36,7.2705832647056114,67.20491699714745
76.7577383836695,4,2,5,21.04514247220967,83.36064062214724
162.12611413331615,1,2,6,18.488147096545216,139.743886933311
118.4177938457338,2,1,31,18.950755376259057,89.51637607433018
147.26002789490497,5,2,31,28.282425690995527,128.8804949104151
121.13273504521845,2,3,24,23.50143445141187,111.67315310536374
121.1902455798298,1,3,32,4.710170810841712,85.79249748787889
